codigo,localizacao,categoria,produto_id,descricao,marca,observacoes,organization_id,preco_venda,id,quantidade_estoque,fornecedor,preco_custo,quantidade_minima,created_date,updated_date,created_by_id,created_by,is_sample
"27101932","","outros","","BH","","","69864ce67137a313e5c26d4d","0","69c683a4aabcee67a3358aed","1","","0","1","2026-03-27T13:18:28.467000","2026-03-27T13:20:01.831000","68c06e22e3b7015582db9328","contato@loker.com.br","false"
"PROD-1764766721588-6-COPIA435","","outros","69676b16cffaf7e10fc31eea","LAMP.FAROL H1 12V 55W (Cópia)454","","","69864ce67137a313e5c26d4d","6.86","69676b174782c4a23c98ad09","5","","4.57","1","2026-01-14T10:08:23.881000","2026-02-16T14:27:38.671000","68c06e22e3b7015582db9328","contato@loker.com.br","false"
"575-16","","outros","6939b6a08b0d991779e472dd","COMANDO AJ","","","69864e74fb6fe137d3577c07","520","6939b6a5dc1985421fb79505","0","","250","1","2025-12-10T18:06:29.204000","2026-02-16T14:27:23.450000","68bf5a54d2be85c156a85dfd","marquesmd9@gmail.com","false"
"575-15","","outros","6939b6a08b0d991779e472dd","ROSCA COLOCADA 7 MM","","","69864e74fb6fe137d3577c07","15","6939b6a4efb64b2863a7b92d","0","","3.5","1","2025-12-10T18:06:28.405000","2026-02-16T14:27:23.441000","68bf5a54d2be85c156a85dfd","marquesmd9@gmail.com","false"
"575-14","","outros","6939b6a08b0d991779e472dd","RETENTOR DE COMANDO 5159","","","69864e74fb6fe137d3577c07","50","6939b6a3fc04ca644f353082","0","","20","1","2025-12-10T18:06:27.601000","2026-02-16T14:27:23.532000","68bf5a54d2be85c156a85dfd","marquesmd9@gmail.com","false"
"575-13","","outros","6939b6a08b0d991779e472dd","RETENTOR DE VALVULAS 9203","","","69864e74fb6fe137d3577c07","50","6939b6a2e048b232e5ec45c2","0","","20","1","2025-12-10T18:06:26.771000","2026-02-16T14:27:23.444000","68bf5a54d2be85c156a85dfd","marquesmd9@gmail.com","false"
"575-12","","outros","6939b6a08b0d991779e472dd","SELO COLOCADO 30,2","","","69864e74fb6fe137d3577c07","15","6939b6a1f45668a61ae4cfbd","0","","3.5","1","2025-12-10T18:06:25.976000","2026-02-16T14:27:23.457000","68bf5a54d2be85c156a85dfd","marquesmd9@gmail.com","false"
"575-11","","outros","6939b6a08b0d991779e472dd","GUIAS COLOCADOS POWER 12725010","","","69864e74fb6fe137d3577c07","140","6939b6a13d9910c3e78d7b25","0","","52","1","2025-12-10T18:06:25.137000","2026-02-16T14:27:23.439000","68bf5a54d2be85c156a85dfd","marquesmd9@gmail.com","false"
"PROD-1764766721588-6","","outros","69303401be7b722ef29770d2","LAMP.FAROL H1 12V 55W","Não informado","Peça criada automaticamente a partir da Compra #693033fe08cf968a8072a9b6","69864ce67137a313e5c26d4d","6.86","69303402fefa3d9f00625728","5","AUTO PRATENSE LTDA","4.57","1","2025-12-03T12:58:42.220000","2026-02-16T14:27:38.658000","68c06e22e3b7015582db9328","contato@loker.com.br","false"
"PROD-1764766720705-5","","outros","693034010f6e84bc85f9b123","LAMP.FAROL H7 12V 55W","Não informado","Peça criada automaticamente a partir da Compra #693033fe08cf968a8072a9b6","69864ce67137a313e5c26d4d","11.77","693034018bac431e4c2b57db","5","AUTO PRATENSE LTDA","7.85","1","2025-12-03T12:58:41.560000","2026-02-16T14:27:38.660000","68c06e22e3b7015582db9328","contato@loker.com.br","false"
"PROD-1764766720040-4","","outros","69303400015eea1a48891a80","LAMP.FAROL H4 12V 60/55W","Não informado","Peça criada automaticamente a partir da Compra #693033fe08cf968a8072a9b6","69864ce67137a313e5c26d4d","12.48","69303400dfd4d8daac2242af","5","AUTO PRATENSE LTDA","8.32","1","2025-12-03T12:58:40.703000","2026-02-16T14:27:38.652000","68c06e22e3b7015582db9328","contato@loker.com.br","false"
"PROD-1764766718278-1","","outros","693033fe37edaf7ed2c654aa","V.TERM.UNO/PALIO/FIORINO 11/ (","Não informado","Peça criada automaticamente a partir da Compra #693033fe08cf968a8072a9b6","69864ce67137a313e5c26d4d","236.27","693033fefaee4a9851f44858","1","AUTO PRATENSE LTDA","157.51","1","2025-12-03T12:58:38.943000","2026-02-16T14:27:38.668000","68c06e22e3b7015582db9328","contato@loker.com.br","false"
"PROD-1764766687533-5","","outros","693033df96a8659b3d9a7253","FILT.CABINE HYUNDAI HB20/IX35/","Não informado","Peça criada automaticamente a partir da Compra #693033db4963d16d60035c18","69864ce67137a313e5c26d4d","12.99","693033e0049387fc599c70b4","1","AUTO PRATENSE LTDA","8.66","1","2025-12-03T12:58:08.119000","2026-02-16T14:27:38.645000","68c06e22e3b7015582db9328","contato@loker.com.br","false"
"PROD-1764766686820-4","","outros","693033dfc0dfeb9d01977286","FILT.CABINE UNO 10/ PALIO 12/","Não informado","Peça criada automaticamente a partir da Compra #693033db4963d16d60035c18","69864ce67137a313e5c26d4d","14.48","693033df1734968413ba7a02","1","AUTO PRATENSE LTDA","9.65","1","2025-12-03T12:58:07.469000","2026-02-16T14:27:38.667000","68c06e22e3b7015582db9328","contato@loker.com.br","false"
"PROD-1764766686056-3","","outros","693033de9f7084fadea10f73","FILT.AR UNO/PALIO 10/ FIORINO","Não informado","Peça criada automaticamente a partir da Compra #693033db4963d16d60035c18","69864ce67137a313e5c26d4d","23","693033de9f291a28cc3b55b4","1","AUTO PRATENSE LTDA","15.33","1","2025-12-03T12:58:06.821000","2026-02-16T14:27:38.676000","68c06e22e3b7015582db9328","contato@loker.com.br","false"
"PROD-1764766684444-2","","outros","693033dc8c76188ca2fcabb7","FILT.AR CLIO/SANDERO 1.0 16V 1","Não informado","Peça criada automaticamente a partir da Compra #693033db4963d16d60035c18","69864ce67137a313e5c26d4d","32.03","693033dee9feb8c1c1030bea","1","AUTO PRATENSE LTDA","21.35","1","2025-12-03T12:58:06.046000","2026-02-16T14:27:38.661000","68c06e22e3b7015582db9328","contato@loker.com.br","false"
"PROD-1764766683688-1","","outros","693033dcf64a02fd67052790","BOMBA DIR.HIDR.CLIO/LOGAN/SAND","Não informado","Peça criada automaticamente a partir da Compra #693033db4963d16d60035c18","69864ce67137a313e5c26d4d","738.33","693033dc3b9386c12abcb66c","2","AUTO PRATENSE LTDA","337.67","1","2025-12-03T12:58:04.360000","2026-02-16T14:27:38.654000","68c06e22e3b7015582db9328","contato@loker.com.br","false"
"PROD-1764766651820-1","","outros","693033bcba436aeb408e0740","TUCHO MOTOR PALIO 1.0/1.3/1.4","Não informado","Peça criada automaticamente a partir da Compra #693033bb5906bd96a9fb66fc","69864ce67137a313e5c26d4d","33.2","693033bc049387fc599c708c","16","AUTO PRATENSE LTDA","22.13","1","2025-12-03T12:57:32.867000","2026-02-16T14:27:38.649000","68c06e22e3b7015582db9328","contato@loker.com.br","false"
"PROD-1764675124581-3","","outros","692ece3477ca972eaea3c775","PARAFUSO, BORRACHA E TRAVA UNO","Não informado","Peça criada automaticamente a partir da Compra #692ece32e814305365d4b28b","69864ce67137a313e5c26d4d","63.7","692ece3425bfe68ff8df6544","1","BL","49","1","2025-12-02T11:32:04.524000","2026-02-16T14:27:38.650000","68c06e22e3b7015582db9328","contato@loker.com.br","false"
"PROD-1764675123928-2","","outros","692ece332c4af1c0ba6a63d8","JOGO DE CALOTA","Não informado","Peça criada automaticamente a partir da Compra #692ece32e814305365d4b28b","69864ce67137a313e5c26d4d","132.6","692ece33b5162bf2dfbed9d1","0","BL","102","1","2025-12-02T11:32:03.953000","2026-02-16T14:27:38.656000","68c06e22e3b7015582db9328","contato@loker.com.br","false"
"PROD-1764675122879-1","","outros","692ece329dc61bc871680123","BORRACHA PORTA-TRASEIRA","Não informado","Peça criada automaticamente a partir da Compra #692ece32e814305365d4b28b","69864ce67137a313e5c26d4d","133.99","692ece333d6015ba4b530bed","0","BL","103","1","2025-12-02T11:32:03.299000","2026-02-16T14:27:38.666000","68c06e22e3b7015582db9328","contato@loker.com.br","false"
"PROD-1764268931506-5","","outros","69289b845b9d2f05060edc10","FLEX.FREIO DIANT.UNO NOVO/PALI","Não informado","Peça criada automaticamente a partir da Compra #69289b80002a2059ddaab82b","69864ce67137a313e5c26d4d","48.59","69289b841e6ce58578451ecc","1","AUTO PRATENSE LTDA","32.39","1","2025-11-27T18:42:12.354000","2026-02-16T14:27:38.704000","68c06e22e3b7015582db9328","contato@loker.com.br","false"
"PROD-1764268930975-4","","outros","69289b83a8f142fff8c2d192","JUNTA HOMOC.UNO/PALIO/MOBI/ARG","Não informado","Peça criada automaticamente a partir da Compra #69289b80002a2059ddaab82b","69864ce67137a313e5c26d4d","158.35","69289b8367e0b32d825e2991","1","AUTO PRATENSE LTDA","105.57","1","2025-11-27T18:42:11.820000","2026-02-16T14:27:38.679000","68c06e22e3b7015582db9328","contato@loker.com.br","false"
"PROD-1764268930424-3","","outros","69289b830c25b61c7177dfb9","PAST.FREIO UNO/PALIO NOVO 10/","Não informado","Peça criada automaticamente a partir da Compra #69289b80002a2059ddaab82b","69864ce67137a313e5c26d4d","99.33","69289b8365e18ac788928c6e","1","AUTO PRATENSE LTDA","66.22","1","2025-11-27T18:42:11.282000","2026-02-16T14:27:38.652000","68c06e22e3b7015582db9328","contato@loker.com.br","false"
"PROD-1764268929784-2","","outros","69289b823c833633423002fe","DISCO FREIO UNO NOVO 1.0 11/ P","Não informado","Peça criada automaticamente a partir da Compra #69289b80002a2059ddaab82b","69864ce67137a313e5c26d4d","126.2","69289b82e581da7118872b9f","4","AUTO PRATENSE LTDA","65.49","1","2025-11-27T18:42:10.719000","2026-02-16T14:27:38.664000","68c06e22e3b7015582db9328","contato@loker.com.br","false"
"PROD-1764268928538-1","","outros","69289b81a7a6a2595ab85438","MANG.SUP.RAD.UNO/PALIO/FIORINO","Não informado","Peça criada automaticamente a partir da Compra #69289b80002a2059ddaab82b","69864ce67137a313e5c26d4d","58.79","69289b82232ddc4d5c6bc817","1","AUTO PRATENSE LTDA","39.19","1","2025-11-27T18:42:10.072000","2026-02-16T14:27:38.672000","68c06e22e3b7015582db9328","contato@loker.com.br","false"
"PROD-1764003398451-2","","outros","69248e46c5778acb6ca8fdbc","INTERRUPTOR LUZ EMBREAG NOVO KA 14/.. NEW FIESTA FOCUS ECOSPORT 13/.. EVOQUE","Não informado","Peça criada automaticamente a partir da Compra #69248e46fbe2c3584aa2c90f","69864ce67137a313e5c26d4d","142.8","69248e47f22870e8c8adb15e","1","STOCK AUTO PECAS LTDA","95.2","1","2025-11-24T16:56:39.190000","2026-02-16T14:27:38.650000","68c06e22e3b7015582db9328","contato@loker.com.br","false"
"PROD-1764003374094-2","","outros","69248e2ee8e2956d38880828","RADIADOR UNO NOVO/PALIO NOVO 1","Não informado","Peça criada automaticamente a partir da Compra #69248e2de201ed3a956cd3c8","69864ce67137a313e5c26d4d","424.77","69248e2e09fd8bb95d85d171","1","AUTO PRATENSE LTDA","283.18","1","2025-11-24T16:56:14.958000","2026-02-16T14:27:45.626000","68c06e22e3b7015582db9328","contato@loker.com.br","false"
"PROD-1764003373462-1","","outros","69248e2df2aa0cdef4f3ddc0","CORPO BORBOLETA FIESTA/ECOSPOR","Não informado","Peça criada automaticamente a partir da Compra #69248e2de201ed3a956cd3c8","69864ce67137a313e5c26d4d","882.97","69248e2eb60d31c2f4d3ab5a","1","AUTO PRATENSE LTDA","588.65","1","2025-11-24T16:56:14.259000","2026-02-16T14:27:45.576000","68c06e22e3b7015582db9328","contato@loker.com.br","false"
"PROD-1764003348041-2","","outros","69248e148229d1bb5cc5d14e","LIXA 400 UNIVERSAL","Não informado","Peça criada automaticamente a partir da Compra #69248e13d65b600ce1419f67","69864ce67137a313e5c26d4d","4.26","69248e1455fc75ee95476f03","5","STOCK AUTO PECAS LTDA","2.84","1","2025-11-24T16:55:48.775000","2026-02-16T14:27:45.591000","68c06e22e3b7015582db9328","contato@loker.com.br","false"
"PROD-1764003347473-1","","outros","69248e13af4ef50aa528d96a","LIXA 320 UNIVERSAL","Não informado","Peça criada automaticamente a partir da Compra #69248e13d65b600ce1419f67","69864ce67137a313e5c26d4d","3.35","69248e140ba2a97f0d6df17c","5","STOCK AUTO PECAS LTDA","2.23","1","2025-11-24T16:55:48.217000","2026-02-16T14:27:45.614000","68c06e22e3b7015582db9328","contato@loker.com.br","false"
"PROD-1764003320646-1","","outros","69248df9e33286da1e3284db","COXIM MOT.UNO NOVO 10/ PALIO N","Não informado","Peça criada automaticamente a partir da Compra #69248df89b87788c70088dce","69864ce67137a313e5c26d4d","188.69","69248df926ed8d4b2e40cc2a","1","AUTO PRATENSE LTDA","125.79","1","2025-11-24T16:55:21.761000","2026-02-16T14:27:45.592000","68c06e22e3b7015582db9328","contato@loker.com.br","false"
"PROD-1764003266475-2","","outros","69248dc21ea39474fc16950e","CARCACA BATERIA","Não informado","Peça criada automaticamente a partir da Compra #69248dc168f75ca9fddde1d3","69864ce67137a313e5c26d4d","135","69248dc317fd98a58f4e09e4","1","STOCK AUTO PECAS LTDA","90","1","2025-11-24T16:54:27.394000","2026-02-16T14:27:45.540000","68c06e22e3b7015582db9328","contato@loker.com.br","false"
"PROD-1764003265733-1","","outros","69248dc2fd85c1583293144b","BATERIA 1L ERBS 60 AMP + LD","Não informado","Peça criada automaticamente a partir da Compra #69248dc168f75ca9fddde1d3","69864ce67137a313e5c26d4d","412.8","69248dc2149305057beb86ac","1","STOCK AUTO PECAS LTDA","275.2","1","2025-11-24T16:54:26.646000","2026-02-16T14:27:45.566000","68c06e22e3b7015582db9328","contato@loker.com.br","false"
"PROD-1764003221498-4","","outros","69248d95dff5b0607bb6926d","TAMPA RES.RAD.CLIO/MEGANE/LOGA","Não informado","Peça criada automaticamente a partir da Compra #69248d93684b60cfc9ab536c","69864ce67137a313e5c26d4d","27.63","69248d96f957e1dba2bb35a0","2","AUTO PRATENSE LTDA","18.42","1","2025-11-24T16:53:42.240000","2026-02-16T14:27:45.585000","68c06e22e3b7015582db9328","contato@loker.com.br","false"
"PROD-1764003220005-2","","outros","69248d946c7be5ac12d79236","BOMBA OLEO GOL/FOX/POLO/KOMBI","Não informado","Peça criada automaticamente a partir da Compra #69248d93684b60cfc9ab536c","69864ce67137a313e5c26d4d","154.92","69248d94f453eea7ceba1afb","1","AUTO PRATENSE LTDA","103.28","1","2025-11-24T16:53:40.753000","2026-02-16T14:27:45.586000","68c06e22e3b7015582db9328","contato@loker.com.br","false"
"PROD-1764003218967-1","","outros","69248d93c4b8ff2ac5700a56","PIVO PALIO/SIENA/STRADA/DOBLO","Não informado","Peça criada automaticamente a partir da Compra #69248d93684b60cfc9ab536c","69864ce67137a313e5c26d4d","36.64","69248d94335114080e3bdd7e","2","AUTO PRATENSE LTDA","24.43","1","2025-11-24T16:53:40.169000","2026-02-16T14:27:45.608000","68c06e22e3b7015582db9328","contato@loker.com.br","false"
"PROD-1763041912064-5","","outros","6915e2785b476c1d0864da77","LIXA 80 AGUA UNIVERSAL","Não informado","Peça criada automaticamente a partir da Compra #6915e274f8618213a7e25637","69864ce67137a313e5c26d4d","3.41","6915e278d32d3834d3c95e66","5","STOCK AUTO PECAS LTDA","2.27","1","2025-11-13T13:51:52.495000","2026-02-16T14:27:45.640000","68c06e22e3b7015582db9328","contato@loker.com.br","false"
"PROD-1763041911476-4","","outros","6915e277fa15a183a6b07f28","LIXA 80 AGUA UNIVERSAL","Não informado","Peça criada automaticamente a partir da Compra #6915e274f8618213a7e25637","69864ce67137a313e5c26d4d","3.41","6915e2773af8165eaf1ade03","5","STOCK AUTO PECAS LTDA","2.27","1","2025-11-13T13:51:51.944000","2026-02-16T14:27:45.597000","68c06e22e3b7015582db9328","contato@loker.com.br","false"
"PROD-1763041910902-3","","outros","6915e277e74c8599b9cf26e8","MASSA PLASTICA UNIVERSAL","Não informado","Peça criada automaticamente a partir da Compra #6915e274f8618213a7e25637","69864ce67137a313e5c26d4d","46.98","6915e277fa15a183a6b07f27","2","STOCK AUTO PECAS LTDA","31.32","1","2025-11-13T13:51:51.344000","2026-02-16T14:27:45.639000","68c06e22e3b7015582db9328","contato@loker.com.br","false"
"PROD-1763041804990-2","","outros","6915e20dcdc24d9872f5da68","GRAXA 500 G UNIVERSAL AMARELA","Não informado","Peça criada automaticamente a partir da Compra #6915e20b5034ea748aa0228b","69864ce67137a313e5c26d4d","49.56","6915e20dfa15a183a6b07ead","1","STOCK AUTO PECAS LTDA","33.04","1","2025-11-13T13:50:05.441000","2026-02-16T14:27:45.604000","68c06e22e3b7015582db9328","contato@loker.com.br","false"
"PROD-1763041769131-1","","outros","6915e1e9aca2b97add32b852","BOMBA ELETRICA FIAT FORD VW GM RENAULT C/MOTOR FLEX 3 4 BAR WEBER CONTITECH","Não informado","Peça criada automaticamente a partir da Compra #6915e1e9ecd3212e425b818c","69864ce67137a313e5c26d4d","207.63","6915e1e9f8618213a7e25581","1","STOCK AUTO PECAS LTDA","138.42","1","2025-11-13T13:49:29.689000","2026-02-16T14:27:45.630000","68c06e22e3b7015582db9328","contato@loker.com.br","false"
"PROD-1763041686652-1","","outros","6915e1976a30dd5f4c305c78","DISCO FREIO FIESTA NEW 1.6 11/","Não informado","Peça criada automaticamente a partir da Compra #6915e1967e989c60939dc58a","69864ce67137a313e5c26d4d","126.07","6915e197dbd87f0b1dfb9340","2","AUTO PRATENSE LTDA","84.05","1","2025-11-13T13:48:07.634000","2026-02-16T14:27:45.579000","68c06e22e3b7015582db9328","contato@loker.com.br","false"
"PROD-1762258842437-4","","outros","6909ef9a0ad6502ce5430c94","VELA MARELLI GOL G4 G5 1.0 1.6 8V 05/08 FOX 1.0 1.6 05/.. POLO 1.6 08/.. EA 111","Não informado","Peça criada automaticamente a partir da Compra #6909ef986782bc301b341610","69864ce67137a313e5c26d4d","25.13","6909ef9a238effc02ae3298a","4","STOCK AUTO PECAS LTDA","16.75","1","2025-11-04T12:20:42.907000","2026-02-16T14:27:45.683000","68c06e22e3b7015582db9328","contato@loker.com.br","false"
"PROD-1762258841895-3","","outros","6909ef9a75ae6116f34a745b","RETENTOR VALVULA GOLF FOX GOL POWER 8 KOMBI 1.4 PALIO 1.8 CELTA AGILE MERIVA","Não informado","Peça criada automaticamente a partir da Compra #6909ef986782bc301b341610","69864ce67137a313e5c26d4d","55.13","6909ef9a24d9dcd49fdb1c45","1","STOCK AUTO PECAS LTDA","36.75","1","2025-11-04T12:20:42.345000","2026-02-16T14:27:45.595000","68c06e22e3b7015582db9328","contato@loker.com.br","false"
"PROD-1762258840757-2","","outros","6909ef990ad6502ce5430c92","VALVULA ADMISSAO NOVO GOL 1.0 8V 08/... FOX 1.0 8V","Não informado","Peça criada automaticamente a partir da Compra #6909ef986782bc301b341610","69864ce67137a313e5c26d4d","45.02","6909ef99998ed3ef1d9ce18e","1","STOCK AUTO PECAS LTDA","30.01","1","2025-11-04T12:20:41.767000","2026-02-16T14:27:45.592000","68c06e22e3b7015582db9328","contato@loker.com.br","false"
"PROD-1761929623551-1","","outros","6904e998554148530d6c65f5","VALVULA ESCAPAMENTO NOVO GOL 1.0 8V 08/... FOX 1.0","Não informado","Peça criada automaticamente a partir da Compra #6904e9974c683d9d70fd6ac7","69864ce67137a313e5c26d4d","53.96","6904e9985ab550c6df1a313c","2","STOCK AUTO PECAS LTDA","35.97","1","2025-10-31T16:53:44.481000","2026-02-16T14:27:45.577000","68c06e22e3b7015582db9328","contato@loker.com.br","false"
"PROD-1761929361013-5","","outros","6904e891e529465de3d4e1f0","FILT.AR GOL 1.0 01/ FOX 1.0 03","Não informado","Peça criada automaticamente a partir da Compra #6904e88e4761d1a73edbf656","69864ce67137a313e5c26d4d","14.64","6904e891804ebca6413b6695","1","AUTO PRATENSE LTDA","9.76","1","2025-10-31T16:49:21.783000","2026-02-16T14:27:52.568000","68c06e22e3b7015582db9328","contato@loker.com.br","false"
"PROD-1761929359909-3","","outros","6904e8905d011c8c9afa2a6d","ADITIVO P/RAD.DILUIDO ORGANICO","Não informado","Peça criada automaticamente a partir da Compra #6904e88e4761d1a73edbf656","69864ce67137a313e5c26d4d","24.77","6904e890e88415d246e70719","8","AUTO PRATENSE LTDA","16.51","1","2025-10-31T16:49:20.675000","2026-02-16T14:27:52.573000","68c06e22e3b7015582db9328","contato@loker.com.br","false"
"PROD-1761929359236-2","","outros","6904e88fe7769dc29e2c4cf8","PIVO GOL/VOYAGE/SAVEIRO G5/FOX","Não informado","Peça criada automaticamente a partir da Compra #6904e88e4761d1a73edbf656","69864ce67137a313e5c26d4d","68.47","6904e890b939249ffff068cf","1","AUTO PRATENSE LTDA","45.65","1","2025-10-31T16:49:20.086000","2026-02-16T14:27:52.627000","68c06e22e3b7015582db9328","contato@loker.com.br","false"
"PROD-1761929358595-1","","outros","6904e88f91b1d126b1fb5c4a","ROL.R.D.GOL/FOX/FIESTA/KA/MONZ","Não informado","Peça criada automaticamente a partir da Compra #6904e88e4761d1a73edbf656","69864ce67137a313e5c26d4d","106.38","6904e88f66251cccc2c7eb43","1","AUTO PRATENSE LTDA","70.92","1","2025-10-31T16:49:19.407000","2026-02-16T14:27:52.654000","68c06e22e3b7015582db9328","contato@loker.com.br","false"
"PROD-1761929337030-10","","outros","6904e879babd4600493443da","VEDA ESCAPE BISNAGA ORBI 100G","Não informado","Peça criada automaticamente a partir da Compra #6904e8728889fb446390922a","69864ce67137a313e5c26d4d","5.61","6904e87a11749e18a8fed2d2","1","AUTO PRATENSE LTDA","3.74","1","2025-10-31T16:48:58.402000","2026-02-16T14:27:52.590000","68c06e22e3b7015582db9328","contato@loker.com.br","false"
"PROD-1761663747584-4","","outros","6900db03e681dc938b18e013","OLEO HIDRAULICO 1 LITRO ATF UNIVERSAL","Não informado","Peça criada automaticamente a partir da Compra #6900daff8cce99f02d09c949","69864ce67137a313e5c26d4d","39.35","6900db04c35df1a898bf3888","2","STOCK AUTO PECAS LTDA","26.23","1","2025-10-28T15:02:28.461000","2026-02-16T14:27:52.586000","68c06e22e3b7015582db9328","contato@loker.com.br","false"
"PROD-1761663744868-2","","outros","6900db0112b693c1c5749047","CABO VELA UNO NOVO PUNTO PALIO 1.4 FIRE EVO 10/...","Não informado","Peça criada automaticamente a partir da Compra #6900daff8cce99f02d09c949","69864ce67137a313e5c26d4d","119.84","6900db028fbde59c98523dc7","1","STOCK AUTO PECAS LTDA","79.89","1","2025-10-28T15:02:26.462000","2026-02-16T14:27:52.668000","68c06e22e3b7015582db9328","contato@loker.com.br","false"
"PROD-1761587915748-1","","outros","68ffb2cc93a79abac2a6d63d","ATUADOR EMBREAGEM VECTRA 2.0 04/.. CORSA MERIVA ZAFIRA ONIX F17","Não informado","Peça criada automaticamente a partir da Compra #68ffb2cbb5877388a20482bc","69864ce67137a313e5c26d4d","292.52","68ffb2cd21c7c6fab9a093be","1","STOCK AUTO PECAS LTDA","384.45","1","2025-10-27T17:58:37.135000","2026-02-16T14:27:52.621000","68c06e22e3b7015582db9328","contato@loker.com.br","false"
"PROD-1761327785926-1","","outros","68fbbaaa6182fe2fd8df9432","CILINDRO MESTRE PEDAL EMBREAGEM VECTRA 96/05","Não informado","Peça criada automaticamente a partir da Compra #68fbbaaa041e3c26405c3cd5","69864ce67137a313e5c26d4d","376.2","68fbbaaaaae2433ae6da3cdf","0","STOCK AUTO PECAS LTDA","250.8","1","2025-10-24T17:43:06.704000","2026-02-16T14:27:52.667000","68c06e22e3b7015582db9328","contato@loker.com.br","false"
"PROD-1761327760249-2","","outros","68fbba90ee7da555564dbe82","CORREIA MICRO V GIR ACD SANDERO LOGAN KWID 1.0 12V 17/...","Não informado","Peça criada automaticamente a partir da Compra #68fbba8efff9bfeba1093aab","69864ce67137a313e5c26d4d","79.23","68fbba911f15ac0a0ad28603","0","STOCK AUTO PECAS LTDA","52.82","1","2025-10-24T17:42:41.122000","2026-02-16T14:27:52.702000","68c06e22e3b7015582db9328","contato@loker.com.br","false"
"PROD-1761327758599-1","","outros","68fbba8f132c00baafd41794","CORREIA MICRO V GIR ALT BA SANDERO LOGAN KWID 1.0 12V 17/...","Não informado","Peça criada automaticamente a partir da Compra #68fbba8efff9bfeba1093aab","69864ce67137a313e5c26d4d","80.15","68fbba908f2a4b0dc79be27d","0","STOCK AUTO PECAS LTDA","53.43","1","2025-10-24T17:42:40.390000","2026-02-16T14:27:52.584000","68c06e22e3b7015582db9328","contato@loker.com.br","false"
"PROD-1761129942140-3","","outros","68f8b5d68162e53554996add","BIELETA ESTAB.GOL G5/FOX/CROSS","Não informado","Peça criada automaticamente a partir da Compra #68f8b5d39b4fec2cb0bbfd81","69864ce67137a313e5c26d4d","51.78","68f8b5d6ae2d02e4de599030","2","AUTO PRATENSE LTDA","34.52","1","2025-10-22T10:45:42.830000","2026-02-16T14:27:52.607000","68c06e22e3b7015582db9328","contato@loker.com.br","false"
"PROD-1761129940304-2","","outros","68f8b5d4845f739e68d609d0","JUNTA CABEC.PALIO/UNO 1.0/1.3/","Não informado","Peça criada automaticamente a partir da Compra #68f8b5d39b4fec2cb0bbfd81","69864ce67137a313e5c26d4d","84.17","68f8b5d5f6d777dcc2582a71","2","AUTO PRATENSE LTDA","56.11","1","2025-10-22T10:45:41.495000","2026-02-16T14:27:52.605000","68c06e22e3b7015582db9328","contato@loker.com.br","false"
"PROD-1760638306487-1","","outros","68f13563ea1f907f893ce628","JUNTA CABECOTE SABO PALIO SIENA IDEA PUNTO 1.4 8V FIRE FIRE EVO 1.4","Não informado","Peça criada automaticamente a partir da Compra #68f13562e2c4356a4e2335f3","69864ce67137a313e5c26d4d","78.75","68f13564d917bb0373416ee6","2","STOCK AUTO PECAS LTDA","42.44","1","2025-10-16T18:11:48.053000","2026-02-16T14:27:52.586000","68c06e22e3b7015582db9328","contato@loker.com.br","false"
"PROD-1760554605597-1","","outros","68efee6ee43e7c7cc9d7ceb3","MANGUEIRA RESPIRO OLEO NOVO UNO PALIO MOBI 1.0 1.4 10/... C/ RAMIFI","Não informado","Peça criada automaticamente a partir da Compra #68efee6d134f20943cd0cd11","69864ce67137a313e5c26d4d","81.38","68efee6e1024a73147ebe7fa","2","STOCK AUTO PECAS LTDA","51.7","1","2025-10-15T18:56:46.728000","2026-02-16T14:27:52.614000","68c06e22e3b7015582db9328","contato@loker.com.br","false"
"PROD-1760554559913-4","","outros","68efee40b6b211dcd3083096","LAMPADA SUPER PINGAO 1 POLO BUNDA PEQUENA VIDRO","Não informado","Peça criada automaticamente a partir da Compra #68efee3cb6b7ddf1141996f4","69864ce67137a313e5c26d4d","6.3","68efee41da542dcd90934bbe","4","STOCK AUTO PECAS LTDA","4.2","1","2025-10-15T18:56:01.740000","2026-02-16T14:27:52.668000","68c06e22e3b7015582db9328","contato@loker.com.br","false"
"PROD-1760554558605-3","","outros","68efee3fb94fe017f223b40e","VALVULA TERMOSTATICA UNO PALIO SIENA 1.0 1.3 8V/16V 01/.. FIRE ORIG","Não informado","Peça criada automaticamente a partir da Compra #68efee3cb6b7ddf1141996f4","69864ce67137a313e5c26d4d","132.06","68efee40134f20943cd0cbe8","0","STOCK AUTO PECAS LTDA","88.04","1","2025-10-15T18:56:00.041000","2026-02-16T14:27:52.590000","68c06e22e3b7015582db9328","contato@loker.com.br","false"
"PROD-1760554520783-1","","outros","68efee1928d5229ab02cf963","RADIADOR LOGAN/SANDERO/CLIO 1.","Não informado","Peça criada automaticamente a partir da Compra #68efee18e0570c617ada3384","69864ce67137a313e5c26d4d","432.21","68efee1a382a0721fdea3e08","1","AUTO PRATENSE LTDA","288.14","1","2025-10-15T18:55:22.201000","2026-02-16T14:27:52.623000","68c06e22e3b7015582db9328","contato@loker.com.br","false"
"PROD-1760554489451-1","","outros","68efedfab94fe017f223b2fe","CUBO RODA GOL/VOYAGE 09/ UP! 1","Não informado","Peça criada automaticamente a partir da Compra #68efedf9df0a3bca7b990c97","69864ce67137a313e5c26d4d","207.98","68efedfad40cf0c0a971c55c","1","AUTO PRATENSE LTDA","138.65","1","2025-10-15T18:54:50.539000","2026-02-16T14:27:52.616000","68c06e22e3b7015582db9328","contato@loker.com.br","false"
"PROD-1760554404151-1","","outros","68efeda40d15397a0a958a75","TAMPA OLEO MOTOR UNO PALIO SIENA STRADA IDEA 8V FIRE 00/... TAMPA BORRACHA","Não informado","Peça criada automaticamente a partir da Compra #68efeda4d810962305639d8d","69864ce67137a313e5c26d4d","36.54","68efeda56fa66503eecd7bd5","2","STOCK AUTO PECAS LTDA","24.36","1","2025-10-15T18:53:25.555000","2026-02-16T14:27:52.625000","68c06e22e3b7015582db9328","contato@loker.com.br","false"
"PROD-1760554373770-6","","outros","68efed8681ad4cd2c1a69406","FILT.OLEO HB20 1.6/CERATO/SPOR","Não informado","Peça criada automaticamente a partir da Compra #68efed7eadb87c6f42bae434","69864ce67137a313e5c26d4d","23.28","68efed87b6b7ddf1141992fa","1","AUTO PRATENSE LTDA","15.52","1","2025-10-15T18:52:55.391000","2026-02-16T14:27:59.194000","68c06e22e3b7015582db9328","contato@loker.com.br","false"
"PROD-1760554368367-2","","outros","68efed81e0570c617ada2f4d","BUCHA BAND.DIANT.P/DIANT.PALIO","Não informado","Peça criada automaticamente a partir da Compra #68efed7eadb87c6f42bae434","69864ce67137a313e5c26d4d","23.06","68efed8105b9f95b5f8679ee","1","AUTO PRATENSE LTDA","15.37","1","2025-10-15T18:52:49.820000","2026-02-16T14:27:59.119000","68c06e22e3b7015582db9328","contato@loker.com.br","false"
"PROD-1760554366690-1","","outros","68efed7faa6f00679a423685","PARAF.CABECOTE PALIO/SIENA/UNO","Não informado","Peça criada automaticamente a partir da Compra #68efed7eadb87c6f42bae434","69864ce67137a313e5c26d4d","92.46","68efed80596e3bd3326f90e8","1","AUTO PRATENSE LTDA","61.64","1","2025-10-15T18:52:48.428000","2026-02-16T14:27:59.133000","68c06e22e3b7015582db9328","contato@loker.com.br","false"
"PROD-1760554078313-1","","outros","68efec5fc82ff037fe81b77f","SENSOR TEMP ELET PLUG GOL FOX POLO GOLF 08/.. POLO 03/.. A3 CINZA","Não informado","Peça criada automaticamente a partir da Compra #68efec5eb83649f9e3d62b2c","69864ce67137a313e5c26d4d","129","68efec5f1024a73147ebd13c","1","STOCK AUTO PECAS LTDA","86","1","2025-10-15T18:47:59.824000","2026-02-16T14:27:59.131000","68c06e22e3b7015582db9328","contato@loker.com.br","false"
"PROD-1759848534925-4","","outros","68e528584abf444bbf2987e3","FILT.OLEO CLIO/SANDERO/LOGAN 1","Não informado","Peça criada automaticamente a partir da Compra #68e5284b21021cbc3ffda364","69864ce67137a313e5c26d4d","15.57","68e5285a98528cba5a87383d","2","AUTO PRATENSE LTDA","10.38","1","2025-10-07T14:48:58.576000","2026-02-16T14:27:59.100000","68c06e22e3b7015582db9328","contato@loker.com.br","false"
"PROD-1759848523989-1","","outros","68e5284d64e1fdb31572ed6e","VELA IGNICAO GOL/VOYAGE/FOX/PO","Não informado","Peça criada automaticamente a partir da Compra #68e5284b21021cbc3ffda364","69864ce67137a313e5c26d4d","22.07","68e5284e814851970c390436","4","AUTO PRATENSE LTDA","14.71","1","2025-10-07T14:48:46.671000","2026-02-16T14:27:59.127000","68c06e22e3b7015582db9328","contato@loker.com.br","false"
"PROD-1759848474336-1","","outros","68e5281a78a5dcab83d98766","ROLAMENTO RODA D PALIO STRADA IDEA 10/... + ABS ORIG","Não informado","Peça criada automaticamente a partir da Compra #68e5281a2cf42818eadaf57d","69864ce67137a313e5c26d4d","243.52","68e5281bb0659f60ec5171d3","1","STOCK AUTO PECAS LTDA","162.35","1","2025-10-07T14:47:55.551000","2026-02-16T14:27:59.126000","68c06e22e3b7015582db9328","contato@loker.com.br","false"
"PROD-1759774949804-3","","outros","68e408e3b6740f0f6dba9d30","TAMPA AGUA RESERVATORIO PALIO STILO 01/... BRAVA DOBLO IDEA PUNTO UNO","Não informado","Peça criada automaticamente a partir da Compra #68e408e1b7e0c6601e34953f","69864ce67137a313e5c26d4d","26.21","68e408e38c161f5aa75b2cc0","2","STOCK AUTO PECAS LTDA","32.08","1","2025-10-06T18:22:27.719000","2026-02-16T14:27:59.127000","68c06e22e3b7015582db9328","contato@loker.com.br","false"
"PROD-1759774948589-1","","outros","68e408e252304c5a5a4ec0d4","LAMPADA 2 POLO PARALELA SAIDORA","Não informado","Peça criada automaticamente a partir da Compra #68e408e1b7e0c6601e34953f","69864ce67137a313e5c26d4d","3.75","68e408e246dedfef0508ed19","2","STOCK AUTO PECAS LTDA","2.5","1","2025-10-06T18:22:26.542000","2026-02-16T14:27:59.118000","68c06e22e3b7015582db9328","contato@loker.com.br","false"
"PROD-1759774925252-8","","outros","68e408caaba706d37fc19c3d","FILT.OLEO FIAT/HONDA/HYUNDAI/K","Não informado","Peça criada automaticamente a partir da Compra #68e408c5594e38107f117e21","69864ce67137a313e5c26d4d","13.16","68e408cb6d3485784d88d9cf","1","AUTO PRATENSE LTDA","8.77","1","2025-10-06T18:22:03.173000","2026-02-16T14:27:59.250000","68c06e22e3b7015582db9328","contato@loker.com.br","false"
"PROD-1759774922748-5","","outros","68e408c8156f05a6ddd6f800","OLEO P/DIR.HIDRAULICA/CAMBIO A","Não informado","Peça criada automaticamente a partir da Compra #68e408c5594e38107f117e21","69864ce67137a313e5c26d4d","28.19","68e408c961c8dad36b846a3f","8","AUTO PRATENSE LTDA","20.42","1","2025-10-06T18:22:01.370000","2026-02-16T14:27:59.129000","68c06e22e3b7015582db9328","contato@loker.com.br","false"
"PROD-1759757427591-1","","outros","68e3c47122ebb1681303147a","PASTILHA FREIO D SANDERO LOGAN 15/... ORIG","Não informado","Peça criada automaticamente a partir da Compra #68e3c4701bf689bc0f000242","69864ce67137a313e5c26d4d","149.18","68e3c47296923563b732cf40","1","STOCK AUTO PECAS LTDA","99.45","1","2025-10-06T13:30:26.178000","2026-02-16T14:27:59.121000","68c06e22e3b7015582db9328","contato@loker.com.br","false"
"PROD-1759757312620-1","","outros","68e3c3fed870a497109d7f72","CAIXA VALVULA TERMOS POLO 02/.. GOLF 99/.. KOMBI 1.4 FOX GOL G5 08/.. COMPLETA","Não informado","Peça criada automaticamente a partir da Compra #68e3c3fd1bf689bc0ffffcf6","69864ce67137a313e5c26d4d","276.78","68e3c3fe453809f3f4f5dbe5","2","STOCK AUTO PECAS LTDA","166.9","1","2025-10-06T13:28:30.900000","2026-02-16T14:27:59.112000","68c06e22e3b7015582db9328","contato@loker.com.br","false"
"PROD-1759757014291-2","","outros","68e3c2d3fab7cfee92aada55","BOMBA AGUA PALIO UNO FIORINO DOBLO IDEA 00/.. 1.0 1.3 1.4 8/16V FIRE","Não informado","Peça criada automaticamente a partir da Compra #68e3c2d2a85e1fb4899b7cbe","69864ce67137a313e5c26d4d","131.7","68e3c2d4092c45b2bbc19aa3","3","STOCK AUTO PECAS LTDA","87.8","1","2025-10-06T13:23:32.043000","2026-02-16T14:27:59.122000","68c06e22e3b7015582db9328","contato@loker.com.br","false"
"PROD-1759756676893-3","","outros","68e3c182a85e1fb4899b6e74","VELA NGK FIESTA KA 1.0 12V 15/... 3 CILINDROS","Não informado","Peça criada automaticamente a partir da Compra #68e3c180a85e1fb4899b6e66","69864ce67137a313e5c26d4d","61.49","68e3c1825b9d5a1fa8e37629","3","STOCK AUTO PECAS LTDA","40.99","1","2025-10-06T13:17:54.690000","2026-02-16T14:27:59.122000","68c06e22e3b7015582db9328","contato@loker.com.br","false"
"PROD-1759756676289-2","","outros","68e3c18115466733f550c717","FILTRO GASOLINA PALIO SIENA STRADA .../00","Não informado","Peça criada automaticamente a partir da Compra #68e3c180a85e1fb4899b6e66","69864ce67137a313e5c26d4d","44.91","68e3c1817dfd1b3d47939505","1","STOCK AUTO PECAS LTDA","29.94","1","2025-10-06T13:17:53.919000","2026-02-16T14:27:59.139000","68c06e22e3b7015582db9328","contato@loker.com.br","false"
"PROD-1759756675704-1","","outros","68e3c181802a25309c299b53","ENGRENAGEM VELOCIMETRO FIAT 147 UNO PALIO ../03 TIPO TEMPRA MAREA PINHAO","Não informado","Peça criada automaticamente a partir da Compra #68e3c180a85e1fb4899b6e66","69864ce67137a313e5c26d4d","22.65","68e3c1816a96484b5ceb61fa","1","STOCK AUTO PECAS LTDA","15.1","1","2025-10-06T13:17:53.342000","2026-02-16T14:27:59.119000","68c06e22e3b7015582db9328","contato@loker.com.br","false"
"PROD-1759756597426-1","","outros","68e3c1333f323a4d187b24bf","TERMINAL DE DIRECAO LD SANDERO LOGAN 07/...","Não informado","Peça criada automaticamente a partir da Compra #68e3c132ed8347acfe3d67c3","69864ce67137a313e5c26d4d","110.7","68e3c1367397667137fafef0","1","STOCK AUTO PECAS LTDA","73.8","1","2025-10-06T13:16:38.220000","2026-02-16T14:27:59.148000","68c06e22e3b7015582db9328","contato@loker.com.br","false"
"PROD-1759240188100-24","","outros","68dbdff5b919518976d13c02","SENSOR TEMP.UNO/PALIO 1.0/1.3/","Não informado","Peça criada automaticamente a partir da Compra #68dbdfe5508c2b7daf06b8eb","69864ce67137a313e5c26d4d","128.75","68dbdff6e9377398b1556c82","0","AUTO PRATENSE LTDA","85.83","1","2025-09-30T13:49:42.080000","2026-02-16T14:27:59.119000","68c06e22e3b7015582db9328","contato@loker.com.br","false"
"PROD-1759240187320-23","","outros","68dbdff5269953c8a08f2de6","JUNTA CABEC.UNO/PALIO/SIENA 1.","Não informado","Peça criada automaticamente a partir da Compra #68dbdfe5508c2b7daf06b8eb","69864ce67137a313e5c26d4d","77.61","68dbdff5c4b5035ec7d110fc","0","AUTO PRATENSE LTDA","62.23","1","2025-09-30T13:49:41.347000","2026-02-16T14:27:59.153000","68c06e22e3b7015582db9328","contato@loker.com.br","false"
"PROD-1759240186646-22","","outros","68dbdff46df34c4de6d53ccc","JUNTA T/VAL.CLIO/LOGAN 1.0 16V","Não informado","Peça criada automaticamente a partir da Compra #68dbdfe5508c2b7daf06b8eb","69864ce67137a313e5c26d4d","126.65","68dbdff49938272947b4852c","1","AUTO PRATENSE LTDA","84.43","1","2025-09-30T13:49:40.585000","2026-02-16T14:28:51.432000","68c06e22e3b7015582db9328","contato@loker.com.br","false"
"PROD-1759240185879-21","","outros","68dbdff3a6eab539a0ea80dd","LAMP.12V P21/5W (2 POLOS)","Não informado","Peça criada automaticamente a partir da Compra #68dbdfe5508c2b7daf06b8eb","69864ce67137a313e5c26d4d","1.92","68dbdff30f9f0c34814903d6","10","AUTO PRATENSE LTDA","1.28","1","2025-09-30T13:49:39.870000","2026-02-16T14:28:51.393000","68c06e22e3b7015582db9328","contato@loker.com.br","false"
"PROD-1759240185247-20","","outros","68dbdff25baef42e8eb0a227","LAMP.12V P21W (1 POLO)","Não informado","Peça criada automaticamente a partir da Compra #68dbdfe5508c2b7daf06b8eb","69864ce67137a313e5c26d4d","1.89","68dbdff3d0f66fe9fd3a01f0","10","AUTO PRATENSE LTDA","1.26","1","2025-09-30T13:49:39.143000","2026-02-16T14:28:51.433000","68c06e22e3b7015582db9328","contato@loker.com.br","false"
"PROD-1759240183366-16","","outros","68dbdff09712c91423dc3f25","CONDICIONADOR DE METAIS PARA M","Não informado","Peça criada automaticamente a partir da Compra #68dbdfe5508c2b7daf06b8eb","69864ce67137a313e5c26d4d","123.03","68dbdff1be9be288c386e7e2","10","AUTO PRATENSE LTDA","82.02","1","2025-09-30T13:49:37.252000","2026-02-16T14:28:51.416000","68c06e22e3b7015582db9328","contato@loker.com.br","false"
"PROD-1759240182722-15","","outros","68dbdff0bb41e761d836c352","ABRACAD.PLAST.P/FIO 280MMX4.7M","Não informado","Peça criada automaticamente a partir da Compra #68dbdfe5508c2b7daf06b8eb","69864ce67137a313e5c26d4d","56.6","68dbdff093c055754374f884","1","AUTO PRATENSE LTDA","37.73","1","2025-09-30T13:49:36.618000","2026-02-16T14:28:51.421000","68c06e22e3b7015582db9328","contato@loker.com.br","false"
"PROD-1759240181998-14","","outros","68dbdfef240dadc7a0dbf0a5","ABRACAD.PLAST.P/FIO 230MMX4.7M","Não informado","Peça criada automaticamente a partir da Compra #68dbdfe5508c2b7daf06b8eb","69864ce67137a313e5c26d4d","42.45","68dbdfefe9bb94a9256059ac","1","AUTO PRATENSE LTDA","28.3","1","2025-09-30T13:49:35.990000","2026-02-16T14:28:51.430000","68c06e22e3b7015582db9328","contato@loker.com.br","false"
"PROD-1759240181229-13","","outros","68dbdfeec2f71d8020310eaa","ABRACAD.PLAST.P/FIO 400MMX7.4M","Não informado","Peça criada automaticamente a partir da Compra #68dbdfe5508c2b7daf06b8eb","69864ce67137a313e5c26d4d","210.78","68dbdfef4b1c3cbf5b46310c","1","AUTO PRATENSE LTDA","140.52","1","2025-09-30T13:49:35.268000","2026-02-16T14:28:51.490000","68c06e22e3b7015582db9328","contato@loker.com.br","false"
"PROD-1759240180565-12","","outros","68dbdfee254876b9cbbdbb17","ABRACAD.PLAST.P/FIO 230MMX7.4M","Não informado","Peça criada automaticamente a partir da Compra #68dbdfe5508c2b7daf06b8eb","69864ce67137a313e5c26d4d","154.29","68dbdfee6d22484ccab3fbf2","1","AUTO PRATENSE LTDA","102.86","1","2025-09-30T13:49:34.492000","2026-02-16T14:28:51.407000","68c06e22e3b7015582db9328","contato@loker.com.br","false"
"PROD-1759240179814-11","","outros","68dbdfeda6eab539a0ea8089","CHAVE PHILIPS 6X38MM CABO PVC","Não informado","Peça criada automaticamente a partir da Compra #68dbdfe5508c2b7daf06b8eb","69864ce67137a313e5c26d4d","16.18","68dbdfed427e946b0fd97dcd","1","AUTO PRATENSE LTDA","10.79","1","2025-09-30T13:49:33.829000","2026-02-16T14:28:51.433000","68c06e22e3b7015582db9328","contato@loker.com.br","false"
"PROD-1759240179126-10","","outros","68dbdfec82e5b88f3f8a2353","CHAVE PHILIPS 6X200MM CABO PVC","Não informado","Peça criada automaticamente a partir da Compra #68dbdfe5508c2b7daf06b8eb","69864ce67137a313e5c26d4d","26.79","68dbdfed83d6df5827fc2f9c","1","AUTO PRATENSE LTDA","17.86","1","2025-09-30T13:49:33.082000","2026-02-16T14:28:51.433000","68c06e22e3b7015582db9328","contato@loker.com.br","false"
"PROD-1759240178460-9","","outros","68dbdfecaddccb0811985e9c","CHAVE PHILIPS 6X100MM CABO PVC","Não informado","Peça criada automaticamente a partir da Compra #68dbdfe5508c2b7daf06b8eb","69864ce67137a313e5c26d4d","20.37","68dbdfece9377398b1556c0d","1","AUTO PRATENSE LTDA","13.58","1","2025-09-30T13:49:32.398000","2026-02-16T14:28:51.422000","68c06e22e3b7015582db9328","contato@loker.com.br","false"
"PROD-1759240177863-8","","outros","68dbdfeb74bd6bc4b301a96c","CHAVE PHILIPS 5X38MM CABO PVC","Não informado","Peça criada automaticamente a partir da Compra #68dbdfe5508c2b7daf06b8eb","69864ce67137a313e5c26d4d","15.23","68dbdfeb0e3efca79610d327","1","AUTO PRATENSE LTDA","10.15","1","2025-09-30T13:49:31.732000","2026-02-16T14:28:51.429000","68c06e22e3b7015582db9328","contato@loker.com.br","false"
"PROD-1759240177233-7","","outros","68dbdfeae0a2994b305f1f0a","CHAVE DE FENDA 6X100MM CABO PV","Não informado","Peça criada automaticamente a partir da Compra #68dbdfe5508c2b7daf06b8eb","69864ce67137a313e5c26d4d","18.3","68dbdfeb5726693a7855df72","1","AUTO PRATENSE LTDA","12.2","1","2025-09-30T13:49:31.137000","2026-02-16T14:28:51.530000","68c06e22e3b7015582db9328","contato@loker.com.br","false"
"PROD-1759240176563-6","","outros","68dbdfea0477ccd6ccd32c38","CHAVE DE FENDA 5X75MM CABO PVC","Não informado","Peça criada automaticamente a partir da Compra #68dbdfe5508c2b7daf06b8eb","69864ce67137a313e5c26d4d","14.16","68dbdfea1a1d9aed02f4cd6c","1","AUTO PRATENSE LTDA","9.44","1","2025-09-30T13:49:30.493000","2026-02-16T14:28:51.413000","68c06e22e3b7015582db9328","contato@loker.com.br","false"
"PROD-1759240175898-5","","outros","68dbdfe94b7565e2e14657bc","CHAVE DE FENDA 5X250MM CABO PV","Não informado","Peça criada automaticamente a partir da Compra #68dbdfe5508c2b7daf06b8eb","69864ce67137a313e5c26d4d","16.92","68dbdfe96034a3973775baab","1","AUTO PRATENSE LTDA","11.28","1","2025-09-30T13:49:29.828000","2026-02-16T14:28:51.417000","68c06e22e3b7015582db9328","contato@loker.com.br","false"
"PROD-1759240175208-4","","outros","68dbdfe87297c750da561b0f","CHAVE DE FENDA 5X100MM CABO PV","Não informado","Peça criada automaticamente a partir da Compra #68dbdfe5508c2b7daf06b8eb","69864ce67137a313e5c26d4d","14.49","68dbdfe9c2f71d8020310e55","1","AUTO PRATENSE LTDA","9.66","1","2025-09-30T13:49:29.150000","2026-02-16T14:28:51.444000","68c06e22e3b7015582db9328","contato@loker.com.br","false"
"PROD-1759240174460-3","","outros","68dbdfe862a79abfaa38afc8","CHAVE DE FENDA 3X300MM CABO PV","Não informado","Peça criada automaticamente a partir da Compra #68dbdfe5508c2b7daf06b8eb","69864ce67137a313e5c26d4d","14.49","68dbdfe897fdc627298f24dd","1","AUTO PRATENSE LTDA","9.66","1","2025-09-30T13:49:28.478000","2026-02-16T14:28:51.445000","68c06e22e3b7015582db9328","contato@loker.com.br","false"
"PROD-1759240173764-2","","outros","68dbdfe7bd4a87a48f898784","CHAVE DE FENDA 3X150MM CABO PV","Não informado","Peça criada automaticamente a partir da Compra #68dbdfe5508c2b7daf06b8eb","69864ce67137a313e5c26d4d","12.89","68dbdfe7d0f66fe9fd3a0174","1","AUTO PRATENSE LTDA","8.59","1","2025-09-30T13:49:27.724000","2026-02-16T14:28:51.433000","68c06e22e3b7015582db9328","contato@loker.com.br","false"
"PROD-1759240172727-1","","outros","68dbdfe6a6eab539a0ea7fe6","CHAVE DE FENDA 3X100MM CABO PV","Não informado","Peça criada automaticamente a partir da Compra #68dbdfe5508c2b7daf06b8eb","69864ce67137a313e5c26d4d","11.28","68dbdfe7240dadc7a0dbf05c","1","AUTO PRATENSE LTDA","7.52","1","2025-09-30T13:49:27.003000","2026-02-16T14:28:51.493000","68c06e22e3b7015582db9328","contato@loker.com.br","false"
"PROD-1759240080361-6","","outros","68dbdf8a3e42d48f583d53e6","VELA IGNICAO NISSAN 1.6/1.8/2.","Não informado","Peça criada automaticamente a partir da Compra #68dbdf86451272ac456c1d10","69864ce67137a313e5c26d4d","100.46","68dbdf8aaddccb0811985a0c","0","AUTO PRATENSE LTDA","66.97","1","2025-09-30T13:47:54.416000","2026-02-16T14:28:51.428000","68c06e22e3b7015582db9328","contato@loker.com.br","false"
"PROD-1759240079588-5","","outros","68dbdf89acaea4d6b60ebc88","MOTOR PARTIDA FOX/POLO/GOL G5/","Não informado","Peça criada automaticamente a partir da Compra #68dbdf86451272ac456c1d10","69864ce67137a313e5c26d4d","530.55","68dbdf8982e5b88f3f8a1e85","0","AUTO PRATENSE LTDA","353.7","1","2025-09-30T13:47:53.592000","2026-02-16T14:29:02.312000","68c06e22e3b7015582db9328","contato@loker.com.br","false"
"PROD-1759240053494-5","","outros","68dbdf6fb919518976d13903","SENSOR TEMP.GOL/BORA/AMAROK/VI","Não informado","Peça criada automaticamente a partir da Compra #68dbdf6b96fc743b797f6c41","69864ce67137a313e5c26d4d","112.13","68dbdf6fbfb3bd24188b7581","0","AUTO PRATENSE LTDA","74.75","1","2025-09-30T13:47:27.358000","2026-02-16T14:29:02.355000","68c06e22e3b7015582db9328","contato@loker.com.br","false"
"PROD-1759240052788-4","","outros","68dbdf6e1526555178cc9700","CABO EMBR.UNO NOVO 1.0/1.4 11/","Não informado","Peça criada automaticamente a partir da Compra #68dbdf6b96fc743b797f6c41","69864ce67137a313e5c26d4d","64.02","68dbdf6e254876b9cbbdb71b","0","AUTO PRATENSE LTDA","42.68","1","2025-09-30T13:47:26.760000","2026-02-16T14:29:02.376000","68c06e22e3b7015582db9328","contato@loker.com.br","false"
"PROD-1759240052104-3","","outros","68dbdf6db919518976d138ed","FILT.OLEO KA 1.0 3C/1.5 16V 15","Não informado","Peça criada automaticamente a partir da Compra #68dbdf6b96fc743b797f6c41","69864ce67137a313e5c26d4d","19.01","68dbdf6e4b1c3cbf5b462b85","4","AUTO PRATENSE LTDA","12.67","1","2025-09-30T13:47:26.047000","2026-02-16T14:29:02.349000","68c06e22e3b7015582db9328","contato@loker.com.br","false"
"PROD-1759240050887-2","","outros","68dbdf6c269953c8a08f285f","FILT.OLEO PALIO/UNO/STRADA FIR","Não informado","Peça criada automaticamente a partir da Compra #68dbdf6b96fc743b797f6c41","69864ce67137a313e5c26d4d","12.59","68dbdf6dc4b5035ec7d10d19","6","AUTO PRATENSE LTDA","8.39","1","2025-09-30T13:47:25.368000","2026-02-16T14:29:02.304000","68c06e22e3b7015582db9328","contato@loker.com.br","false"
"PROD-1758629635910-5","","outros","68d28e9fa05522466d6fb7c5","VELA NGK PEUGEOT 206 1.0 16V CLIO SANDERO LOGAN 1.0 16V MARCH 1.0 16V","Não informado","Peça criada automaticamente a partir da Compra #68d28e9cce15f1ea0b879815","69864ce67137a313e5c26d4d","53.67","68d28e9f47a6dfc2cb1d75a6","4","STOCK AUTO PECAS LTDA","35.78","1","2025-09-23T12:12:15.983000","2026-02-16T14:29:02.371000","68c06e22e3b7015582db9328","contato@loker.com.br","false"
"PROD-1758629634894-3","","outros","68d28e9e621c75cac219fb3e","KIT JUNTA RETIFICA CABECOTE CLIO SANDERO LOGAN 1.0 16V 06/... FLEX","Não informado","Peça criada automaticamente a partir da Compra #68d28e9cce15f1ea0b879815","69864ce67137a313e5c26d4d","348.84","68d28e9f74bdf0ac30d2d5aa","1","STOCK AUTO PECAS LTDA","232.56","1","2025-09-23T12:12:15.045000","2026-02-16T14:29:02.376000","68c06e22e3b7015582db9328","contato@loker.com.br","false"
"PROD-1758629633594-2","","outros","68d28e9dfd73b80b72f10573","KIT PARAFUSOS DO CABECOTE CLIO SANDERO LOGAN 1.0 16V PEUGEOT 206 1.0 16V","Não informado","Peça criada automaticamente a partir da Compra #68d28e9cce15f1ea0b879815","69864ce67137a313e5c26d4d","216.57","68d28e9e7a99b31383076040","1","STOCK AUTO PECAS LTDA","144.38","1","2025-09-23T12:12:14.360000","2026-02-16T14:29:02.328000","68c06e22e3b7015582db9328","contato@loker.com.br","false"
"PROD-1758629632965-1","","outros","68d28e9c57fad15c08232175","SENSOR DETONACAO CLIO SCENIC MEGANE TWINGO R19 SANDERO 1.0 1.6 2.0 16V","Não informado","Peça criada automaticamente a partir da Compra #68d28e9cce15f1ea0b879815","69864ce67137a313e5c26d4d","313.78","68d28e9d16a3ab7f978d9506","1","STOCK AUTO PECAS LTDA","209.19","1","2025-09-23T12:12:13.064000","2026-02-16T14:29:02.320000","68c06e22e3b7015582db9328","contato@loker.com.br","false"
"PROD-1758629608719-2","","outros","68d28e84b1906a65c51dfab2","LAMPADA H4 60/55 PARALELA","Não informado","Peça criada automaticamente a partir da Compra #68d28e8347a6dfc2cb1d750f","69864ce67137a313e5c26d4d","21","68d28e841449a040a3222471","6","STOCK AUTO PECAS LTDA","14","1","2025-09-23T12:11:48.791000","2026-02-16T14:29:02.402000","68c06e22e3b7015582db9328","contato@loker.com.br","false"
"PROD-1758629608132-1","","outros","68d28e835fb8004cf2a71242","SOQUETE LAMPADA H4 UNIVERSAL","Não informado","Peça criada automaticamente a partir da Compra #68d28e8347a6dfc2cb1d750f","69864ce67137a313e5c26d4d","10","68d28e84cec09e237c7eac07","3","STOCK AUTO PECAS LTDA","6.59","1","2025-09-23T12:11:48.190000","2026-02-16T14:29:02.467000","68c06e22e3b7015582db9328","contato@loker.com.br","false"
"PROD-1758629591389-3","","outros","68d28e733ed48936f29aa9c9","RETENTOR COMANDO UNO PALIO SIENA IDEA PUNTO 1.0 1.4 10/.. FIRE EVO","Não informado","Peça criada automaticamente a partir da Compra #68d28e71b1906a65c51dfa45","69864ce67137a313e5c26d4d","55.13","68d28e73e4ccbd09e2568f21","2","STOCK AUTO PECAS LTDA","34.79","1","2025-09-23T12:11:31.483000","2026-02-16T14:29:02.396000","68c06e22e3b7015582db9328","contato@loker.com.br","false"
"PROD-1758629590761-2","","outros","68d28e725639eeb7b61379f4","RETENTOR VIRABREQUIM DIANTEIRO BOMBA OLEO UNO PALIO IDEA PUNTO FIRE 8/16V","Não informado","Peça criada automaticamente a partir da Compra #68d28e71b1906a65c51dfa45","69864ce67137a313e5c26d4d","49.77","68d28e72fd73b80b72f103be","1","STOCK AUTO PECAS LTDA","33.18","1","2025-09-23T12:11:30.859000","2026-02-16T14:29:02.739000","68c06e22e3b7015582db9328","contato@loker.com.br","false"
"PROD-1758629590068-1","","outros","68d28e71598594eea6ead1cf","INTERRUPTOR OLEO UNO PREMIO ELBA 92/.. TIPO PALIO TEMPRA MAREA FIRE","Não informado","Peça criada automaticamente a partir da Compra #68d28e71b1906a65c51dfa45","69864ce67137a313e5c26d4d","45.86","68d28e728a1b1bd40039ef6d","3","STOCK AUTO PECAS LTDA","66.47","1","2025-09-23T12:11:30.204000","2026-02-16T14:29:02.372000","68c06e22e3b7015582db9328","contato@loker.com.br","false"
"PROD-1758629542285-3","","outros","68d28e42e0108624e04834eb","TERMINAL FIO OLHAL GRANDE 9 MM PARA FIO 10 MM SUPER REFORCADO","Não informado","Peça criada automaticamente a partir da Compra #68d28e40536e8da30567c2cf","69864ce67137a313e5c26d4d","7.01","68d28e422933d80827e00339","2","STOCK AUTO PECAS LTDA","4.67","1","2025-09-23T12:10:42.421000","2026-02-16T14:29:02.347000","68c06e22e3b7015582db9328","contato@loker.com.br","false"
"PROD-1758629541614-2","","outros","68d28e413ed48936f29aa7f6","FIO SOM UNIVERSAL 9 MM SOM AUTOMOTIVO","Não informado","Peça criada automaticamente a partir da Compra #68d28e40536e8da30567c2cf","69864ce67137a313e5c26d4d","20.06","68d28e41d112618813c63dff","2","STOCK AUTO PECAS LTDA","13.37","1","2025-09-23T12:10:41.730000","2026-02-16T14:29:02.335000","68c06e22e3b7015582db9328","contato@loker.com.br","false"
"PROD-1758629540959-1","","outros","68d28e40aac7e740b5198cd8","LAMPADA H1 55 W PARALELA","Não informado","Peça criada automaticamente a partir da Compra #68d28e40536e8da30567c2cf","69864ce67137a313e5c26d4d","18","68d28e411b568e5543a2745f","4","STOCK AUTO PECAS LTDA","12","1","2025-09-23T12:10:41.086000","2026-02-16T14:29:02.707000","68c06e22e3b7015582db9328","contato@loker.com.br","false"
"PROD-1758629498613-3","","outros","68d28e16c8b37a87e4d631fb","HIGIENIZADOR AR CONDICIONADO SPRAY S/ SONDA GRANADA","Não informado","Peça criada automaticamente a partir da Compra #68d28e1412291011b9b70c55","69864ce67137a313e5c26d4d","29.78","68d28e1654eded91ab5cbeac","2","STOCK AUTO PECAS LTDA","19.85","1","2025-09-23T12:09:58.784000","2026-02-16T14:29:02.442000","68c06e22e3b7015582db9328","contato@loker.com.br","false"
"PROD-1758629497892-2","","outros","68d28e1513365b83aae0340f","FILTRO AR MOTOR CLIO 1.0 16V 13/17 SANDERO 1.0 16V 15/.. LOGAN 1.0 16V 14/16","Não informado","Peça criada automaticamente a partir da Compra #68d28e1412291011b9b70c55","69864ce67137a313e5c26d4d","56.84","68d28e163ed48936f29aa670","1","STOCK AUTO PECAS LTDA","37.89","1","2025-09-23T12:09:58.071000","2026-02-16T14:29:02.338000","68c06e22e3b7015582db9328","contato@loker.com.br","false"
"PROD-1758629497234-1","","outros","68d28e14c092da0c638ac7a7","FILTRO AR CONDICIONADO CLIO 98/... SYMBOL 09/...","Não informado","Peça criada automaticamente a partir da Compra #68d28e1412291011b9b70c55","69864ce67137a313e5c26d4d","29.19","68d28e156b067621c0efec68","2","STOCK AUTO PECAS LTDA","18.18","1","2025-09-23T12:09:57.321000","2026-02-16T14:29:02.387000","68c06e22e3b7015582db9328","contato@loker.com.br","false"
"PROD-1758629469067-1","","outros","68d28df86b067621c0efeba7","PARAFUSO RODA GOL PASSAT VOYAGE SANTANA PARATI SAVEIRO","Não informado","Peça criada automaticamente a partir da Compra #68d28df8991b92eadcb0d26f","69864ce67137a313e5c26d4d","7.61","68d28df912291011b9b70b73","4","STOCK AUTO PECAS LTDA","5.07","1","2025-09-23T12:09:29.175000","2026-02-16T14:29:12.049000","68c06e22e3b7015582db9328","contato@loker.com.br","false"
"PROD-1758629400349-3","","outros","68d28db459442c3dada01119","ARRUELA","Não informado","Peça criada automaticamente a partir da Compra #68d28db223deb0862d17d2b8","69864ce67137a313e5c26d4d","15","68d28db42933d80827e000cf","12","STOCK AUTO PECAS LTDA","10","1","2025-09-23T12:08:20.396000","2026-02-16T14:29:12.083000","68c06e22e3b7015582db9328","contato@loker.com.br","false"
"PROD-1758629399723-2","","outros","68d28db3621c75cac219f4e8","BRONZINA BIELA STD NEW KA 1.0 14/22 3 CIL","Não informado","Peça criada automaticamente a partir da Compra #68d28db223deb0862d17d2b8","69864ce67137a313e5c26d4d","101.28","68d28db354eded91ab5cbbdc","5","STOCK AUTO PECAS LTDA","60.08","1","2025-09-23T12:08:19.812000","2026-02-16T14:29:12.055000","68c06e22e3b7015582db9328","contato@loker.com.br","false"
"PROD-1758629399094-1","","outros","68d28db2991b92eadcb0d0c5","ANEIS MOTOR STD KA FIESTA 1.0 12V 14/... 3 CIL","Não informado","Peça criada automaticamente a partir da Compra #68d28db223deb0862d17d2b8","69864ce67137a313e5c26d4d","265.89","68d28db3bce4185676a1372d","4","STOCK AUTO PECAS LTDA","195.58","1","2025-09-23T12:08:19.157000","2026-02-16T14:29:12.090000","68c06e22e3b7015582db9328","contato@loker.com.br","false"
"PROD-1758629366814-2","","outros","68d28d92e19b4d9491319102","RADIADOR NOVO UNO 10/.. PALIO 1.0 1.4 12/.. GRAND SIENA 12/18 SIST DENSO","Não informado","Peça criada automaticamente a partir da Compra #68d28d9182750dcd750f7bbc","69864ce67137a313e5c26d4d","591.78","68d28d92a55c16526041b9df","1","STOCK AUTO PECAS LTDA","394.52","1","2025-09-23T12:07:46.951000","2026-02-16T14:29:12.090000","68c06e22e3b7015582db9328","contato@loker.com.br","false"
"PROD-1758629366032-1","","outros","68d28d91f25921ed937a957c","JUNTA TAMPA VALVULA CLIO LOGAN SANDERO 1.0 16V 06/...","Não informado","Peça criada automaticamente a partir da Compra #68d28d9182750dcd750f7bbc","69864ce67137a313e5c26d4d","85.61","68d28d9282750dcd750f7bbf","1","STOCK AUTO PECAS LTDA","57.07","1","2025-09-23T12:07:46.272000","2026-02-16T14:29:12.046000","68c06e22e3b7015582db9328","contato@loker.com.br","false"
"PROD-1758629343340-3","","outros","68d28d7b9832c704e6193d24","ESTICADOR CORREIA COMANDO UNO 1.0 1.4 09/. PALIO IDEA PUNTO 1.4 08/. FIRE","Não informado","Peça criada automaticamente a partir da Compra #68d28d79d412952fef9a2696","69864ce67137a313e5c26d4d","141.62","68d28d7bb1906a65c51df353","1","STOCK AUTO PECAS LTDA","94.41","1","2025-09-23T12:07:23.414000","2026-02-16T14:29:12.103000","68c06e22e3b7015582db9328","contato@loker.com.br","false"
"PROD-1758629342708-2","","outros","68d28d7a3ed48936f29aa0f5","CORREIA COMANDO UNO PALIO IDEA DOBLO 1.3 1.4 8V FIRE 03/.. 1.0 1.4 12/.. EVO","Não informado","Peça criada automaticamente a partir da Compra #68d28d79d412952fef9a2696","69864ce67137a313e5c26d4d","119.94","68d28d7a4d66d1db26e6e654","4","STOCK AUTO PECAS LTDA","72.91","1","2025-09-23T12:07:22.797000","2026-02-16T14:29:12.062000","68c06e22e3b7015582db9328","contato@loker.com.br","false"
"PROD-1758629342119-1","","outros","68d28d791607d39c79c84587","BALANCA LD PALIO DOBLO 01/04 S/ DH S/ BARRA ESTAB","Não informado","Peça criada automaticamente a partir da Compra #68d28d79d412952fef9a2696","69864ce67137a313e5c26d4d","417.6","68d28d7a4c406419991ac791","1","STOCK AUTO PECAS LTDA","278.4","1","2025-09-23T12:07:22.168000","2026-02-16T14:29:12.088000","68c06e22e3b7015582db9328","contato@loker.com.br","false"
"PROD-1758629320707-2","","outros","68d28d64f25921ed937a946d","SANFONA CX UNO ELBA FIORINO PALIO 8V 96/.. TIPO 1.6 2 ABRAC","Não informado","Peça criada automaticamente a partir da Compra #68d28d639721b781d48373bb","69864ce67137a313e5c26d4d","25.53","68d28d6457fad15c08231b64","1","STOCK AUTO PECAS LTDA","17.02","1","2025-09-23T12:07:00.752000","2026-02-16T14:29:12.054000","68c06e22e3b7015582db9328","contato@loker.com.br","false"
"PROD-1758629320059-1","","outros","68d28d631b568e5543a271ec","OLEO CAIXA 1 LITRO 80 CAPETA","Não informado","Peça criada automaticamente a partir da Compra #68d28d639721b781d48373bb","69864ce67137a313e5c26d4d","40.7","68d28d642d5e5c104abb4b1b","3","STOCK AUTO PECAS LTDA","27.13","1","2025-09-23T12:07:00.152000","2026-02-16T14:29:12.061000","68c06e22e3b7015582db9328","contato@loker.com.br","false"
"PROD-1758629253905-1","","outros","68d28d21b1906a65c51df0a8","ADITIVO MOTOR BARDHAL B12","Não informado","Peça criada automaticamente a partir da Compra #68d28d21ce2eb28b446ba816","69864ce67137a313e5c26d4d","30.11","68d28d21e25170ff0ac3311b","5","STOCK AUTO PECAS LTDA","20.07","1","2025-09-23T12:05:53.978000","2026-02-16T14:29:12.061000","68c06e22e3b7015582db9328","contato@loker.com.br","false"
"PROD-1758629225369-2","","outros","68d28d058f8d2c088e5eb79c","PARAFUSO RODA 147 UNO PALIO MAREA TIPO TEMPRA BRAVA PUNTO","Não informado","Peça criada automaticamente a partir da Compra #68d28d045fb8004cf2a707e1","69864ce67137a313e5c26d4d","8.19","68d28d0554eded91ab5cb5aa","8","STOCK AUTO PECAS LTDA","5.46","1","2025-09-23T12:05:25.461000","2026-02-16T14:29:12.139000","68c06e22e3b7015582db9328","contato@loker.com.br","false"
"PROD-1758629224683-1","","outros","68d28d04fd73b80b72f0f636","SACO TRAPO PANO SEM COSTURA 1 KG UNIVERSAL","Não informado","Peça criada automaticamente a partir da Compra #68d28d045fb8004cf2a707e1","69864ce67137a313e5c26d4d","26.73","68d28d04864b322dada117d2","4","STOCK AUTO PECAS LTDA","17.82","1","2025-09-23T12:05:24.822000","2026-02-16T14:29:12.076000","68c06e22e3b7015582db9328","contato@loker.com.br","false"
"PROD-1758629171653-1","","outros","68d28ccf9832c704e61937a6","BIELETA BARRA ESTAB COROLLA 20/... YARIS 18/21","Não informado","Peça criada automaticamente a partir da Compra #68d28ccf991b92eadcb0cae2","69864ce67137a313e5c26d4d","81.16","68d28cd057fad15c082317cb","4","STOCK AUTO PECAS LTDA","54.11","1","2025-09-23T12:04:32.634000","2026-02-16T14:29:12.056000","68c06e22e3b7015582db9328","contato@loker.com.br","false"
"PROD-1758050302048-2","","outros","68c9b7fe3d0ef6037d3ef015","LAMPADA H4 60/55 PARALELA","Não informado","Peça criada automaticamente a partir da Compra #68c9b7fc0bbb53d4da16c019","","21","68c9b7fec3264d65dd671c9f","4","STOCK AUTO PECAS LTDA","14","1","2025-09-16T19:18:22.521000","2025-09-16T19:18:22.521000","68b21e394c1c0a8057cf2136","beenkoficial@gmail.com","false"
"PROD-1758050300826-1","","outros","68c9b7fdfffc1181044ebfd1","SOQUETE LAMPADA H4 UNIVERSAL","Não informado","Peça criada automaticamente a partir da Compra #68c9b7fc0bbb53d4da16c019","","10","68c9b7fd0691ea9a3d04c7c9","2","STOCK AUTO PECAS LTDA","6.67","1","2025-09-16T19:18:21.839000","2025-09-16T19:18:21.839000","68b21e394c1c0a8057cf2136","beenkoficial@gmail.com","false"
"PROD-1757790178228-1","","outros","68c5bfe235674a7821bc41ef","ROLAMENTO POLIA ALTERNADOR GPS 5035 UNO/FIORINO/PALIO/STRADA/ SIENA/ DOBLO/IDEA/P","Não informado","Peça criada automaticamente a partir da Compra #68c5bfe2203464d99543fab1","69864ce67137a313e5c26d4d","60","68c5bfe3c7aafaaa341408c8","1","RAVENA DISTRIBUIDORA DE AUTO PECAS LTDA","33.78","1","2025-09-13T19:02:59.715000","2026-02-16T14:29:12.060000","68c06e22e3b7015582db9328","contato@loker.com.br","false"
"PROD-1757599231917-9","","outros","68c2d602c67b0e4e513737d4","SELANTE P/RAD.ORBI 220ML","Não informado","Peça criada automaticamente a partir da Compra #68c2d5fc9262739a702f2674","69864ce67137a313e5c26d4d","9","68c2d6022d1a0776adee7662","12","AUTO PRATENSE LTDA","4.33","1","2025-09-11T14:00:34.788000","2026-02-16T14:29:12.058000","68c06e22e3b7015582db9328","contato@loker.com.br","false"
"PROD-1757599230456-7","","outros","68c2d601347ba98547160d39","SILICONE ALTA TEMP.PRETO 70ML","Não informado","Peça criada automaticamente a partir da Compra #68c2d5fc9262739a702f2674","69864ce67137a313e5c26d4d","60","68c2d60121146c2dc14d28f3","8","AUTO PRATENSE LTDA","27.64","1","2025-09-11T14:00:33.354000","2026-02-16T14:29:12.067000","68c06e22e3b7015582db9328","contato@loker.com.br","false"
"PROD-1757599229809-6","","outros","68c2d60075df7920f6e41f56","FITA ISOLANTE COM COLA 10 METR","Não informado","Peça criada automaticamente a partir da Compra #68c2d5fc9262739a702f2674","69864ce67137a313e5c26d4d","5","68c2d600701db33d4a519b9c","3","AUTO PRATENSE LTDA","2.55","1","2025-09-11T14:00:32.657000","2026-02-16T14:29:12.052000","68c06e22e3b7015582db9328","contato@loker.com.br","false"
"PROD-1757599229201-5","","outros","68c2d5ff8fa713acd94785e6","OLEO P/DIR. HIDRAULICA/CAMBIO A","Não informado","Peça criada automaticamente a partir da Compra #68c2d5fc9262739a702f2674","69864ce67137a313e5c26d4d","40","68c2d6009262739a702f2688","1","AUTO PRATENSE LTDA","20.42","1","2025-09-11T14:00:32.002000","2026-02-16T14:29:12.053000","68c06e22e3b7015582db9328","contato@loker.com.br","false"
"PROD-1757599228499-4","","outros","68c2d5ff60cd7dd7b72b9c2a","OLEO P/MOTOR SP 5W20 RACE ONE","Não informado","Peça criada automaticamente a partir da Compra #68c2d5fc9262739a702f2674","69864ce67137a313e5c26d4d","70","68c2d5ff84a3d56d62363dd1","14","AUTO PRATENSE LTDA","21.2","1","2025-09-11T14:00:31.405000","2026-02-16T14:29:20.584000","68c06e22e3b7015582db9328","contato@loker.com.br","false"
"PROD-1757599226229-1","","outros","68c2d5fcaafa031440ff9bdb","JUNTA CABEC.KA 1.0 3C.15/ (FIB","Não informado","Peça criada automaticamente a partir da Compra #68c2d5fc9262739a702f2674","69864ce67137a313e5c26d4d","150","68c2d5fdbce0743a60feb48b","1","AUTO PRATENSE LTDA","78.02","1","2025-09-11T14:00:29.088000","2026-02-16T14:29:20.617000","68c06e22e3b7015582db9328","contato@loker.com.br","false"
"PROD-1757598885499-1","","outros","68c2d4a844b079dc653deb33","SENSOR ROTACAO LOGAN/SANDERO 1","Não informado","Peça criada automaticamente a partir da Compra #68c2d4a744b079dc653deb2f","69864ce67137a313e5c26d4d","120","68c2d4a860cd7dd7b72b918a","2","AUTO PRATENSE LTDA","82.43","1","2025-09-11T13:54:48.902000","2026-02-16T14:29:20.594000","68c06e22e3b7015582db9328","contato@loker.com.br","false"
"PROD-1757597749130-7","","outros","68c2d038b9c0cf7b18f269e1","BOBINA IGNICAO CLIO 05/ SANDER","Não informado","Peça criada automaticamente a partir da Compra #68c2d010aafa031440ff5fa5","69864ce67137a313e5c26d4d","400","68c2d0395bec6ab6d7ea2355","6","AUTO PRATENSE LTDA","231.94","1","2025-09-11T13:35:53.467000","2026-02-16T14:29:20.583000","68c06e22e3b7015582db9328","contato@loker.com.br","false"
"PROD-1757597745751-6","","outros","68c2d0366ca82b6bdebfc7bd","OLEO P/MOTOR SN 15W40 EVOLUTIO","Não informado","Peça criada automaticamente a partir da Compra #68c2d010aafa031440ff5fa5","69864ce67137a313e5c26d4d","40","68c2d0370414aab3947a8969","0","AUTO PRATENSE LTDA","19.85","1","2025-09-11T13:35:51.319000","2026-02-16T14:29:20.605000","68c06e22e3b7015582db9328","contato@loker.com.br","false"
"PROD-1757597738327-5","","outros","68c2d02f7cb0c41d6f055eb2","OLEO P/MOTOR SN 10W40 EVOLUTIO","Não informado","Peça criada automaticamente a partir da Compra #68c2d010aafa031440ff5fa5","69864ce67137a313e5c26d4d","40","68c2d033a808bc6708297ca6","33","AUTO PRATENSE LTDA","19.85","1","2025-09-11T13:35:47.914000","2026-02-16T14:29:20.598000","68c06e22e3b7015582db9328","contato@loker.com.br","false"
"PROD-1757597733942-4","","outros","68c2d02a4a185c6bee81a9b2","ADITIVO P/RAD.CONCENTRADO ORGA","Não informado","Peça criada automaticamente a partir da Compra #68c2d010aafa031440ff5fa5","69864ce67137a313e5c26d4d","45","68c2d02c0414aab3947a890f","19","AUTO PRATENSE LTDA","24.5","1","2025-09-11T13:35:40.525000","2026-02-16T14:29:20.590000","68c06e22e3b7015582db9328","contato@loker.com.br","false"
"PROD-1757597725526-3","","outros","68c2d02589d56c78527afbc8","FLUIDO FREIO DOT-4 TIRRENO (50","Não informado","Peça criada automaticamente a partir da Compra #68c2d010aafa031440ff5fa5","69864ce67137a313e5c26d4d","40","68c2d028016300a5b4cf64e4","6","AUTO PRATENSE LTDA","24.88","1","2025-09-11T13:35:36.140000","2026-02-16T14:29:20.584000","68c06e22e3b7015582db9328","contato@loker.com.br","false"
"PROD-1757597718175-2","","outros","68c2d01bdb79431c7de46e66","LIMPA FREIOS SPRAY CAR-80 (300","Não informado","Peça criada automaticamente a partir da Compra #68c2d010aafa031440ff5fa5","69864ce67137a313e5c26d4d","20","68c2d01f8fa713acd947570b","28","AUTO PRATENSE LTDA","21.98","1","2025-09-11T13:35:27.714000","2026-02-16T14:29:20.616000","68c06e22e3b7015582db9328","contato@loker.com.br","false"
"PROD-1757597709901-1","","outros","68c2d015ed077499b10f7341","SAPATA FREIO NEW FIESTA 10/ KA","Não informado","Peça criada automaticamente a partir da Compra #68c2d010aafa031440ff5fa5","69864ce67137a313e5c26d4d","180","68c2d0187c6a5b7650ed84a6","1","AUTO PRATENSE LTDA","122.24","1","2025-09-11T13:35:20.368000","2026-02-16T14:29:20.589000","68c06e22e3b7015582db9328","contato@loker.com.br","false"
"PROD-1757369376500-2","","outros","68bf5421375cdeba8c85633f","ELETRODO SOLDA ELETRICA VONDER 74.58.601.302 2,5 MM (PACOTE C/10)","Não informado","Peça criada automaticamente a partir da Compra #68bf541f09c40c2a316609d4","","38","68bf5421ccbd99b73257277c","1","RAVENA DISTRIBUIDORA DE AUTO PECAS LTDA","17.3","1","2025-09-08T22:09:37.602000","2025-09-08T22:09:37.602000","68bb8ae30bb9b6022db0caf3","quotabankoficial@gmail.com","false"
"KIT-FREIOS-001-04","","outros","68bc7b6e7d9f76329cfe62b8","OLEO LUBRIFICANTE MOTOR SAE 15W40 MAXON LAMOAT0038 OLEO MOTOR SAE 15W40 SL MAXON OIL PREMIUM SEMISSIN","Não informado","Peça componente do grupo ""Kit Freios Completo"" criada a partir da Compra #68bf541f09c40c2a316609d4","","36","68bf5420ce8634077bfd5c5f","4","RAVENA DISTRIBUIDORA DE AUTO PECAS LTDA","21.83","1","2025-09-08T22:09:36.723000","2025-09-08T22:09:36.723000","68bb8ae30bb9b6022db0caf3","quotabankoficial@gmail.com","false"
"43645GFG546","","outros","68bdb97d1c966f6758075685","OLEO DE CAIXA 30W40","","","","150","68bdb97e27db826f9c0e9ec0","10","","100","1","2025-09-07T16:57:34.103000","2025-09-07T16:57:34.103000","68b21e394c1c0a8057cf2136","beenkoficial@gmail.com","false"
"PROD-1757264179904-1","","outros","68bdb934089b9f1d6d126df5","BRONZINA BIELA SINTECH SB781-STD STD - FORD KA 1.0 12V 14/","Não informado","Peça criada automaticamente a partir da Compra #68bdb934c071302c98d3ea56","","100","68bdb934d130f45328fa553e","1","RAVENA DISTRIBUIDORA DE AUTO PECAS LTDA","50.03","1","2025-09-07T16:56:20.815000","2025-09-07T16:56:20.815000","68b21e394c1c0a8057cf2136","beenkoficial@gmail.com","false"
"PROD-1757263909064-1","","outros","68bdb8254be276adab92ff02","BICO INJETOR GAUSS G19403 GOL/SAVEIRO/ VOYAGE G5/G6 1.6 08/FOX/ CROSSFOX/","Não informado","Peça criada automaticamente a partir da Compra #68bdb825cb1ee00e46e508da","","255","68bdb8260f4c83adc13fa071","1","RAVENA DISTRIBUIDORA DE AUTO PECAS LTDA","125.11","1","2025-09-07T16:51:50.482000","2025-09-07T16:51:50.482000","68b21e394c1c0a8057cf2136","beenkoficial@gmail.com","false"
"PROD-1757263771285-1","","outros","68bdb79ba800da4a309729e6","BICO INJETOR GAUSS G19403 GOL/SAVEIRO/ VOYAGE G5/G6 1.6 08/FOX/ CROSSFOX/","Não informado","Peça criada automaticamente a partir da Compra #68bdb79bd66887e87376c544","","255","68bdb79cd66887e87376c54b","1","RAVENA DISTRIBUIDORA DE AUTO PECAS LTDA","125.11","1","2025-09-07T16:49:32.400000","2025-09-07T16:49:32.400000","68bb8ae30bb9b6022db0caf3","quotabankoficial@gmail.com","false"
"KIT-REV-10K-05","","outros","68bc7b6e7d9f76329cfe62b7","ANEIS MOTOR MAGNETI MA JA08006 STD - FORD NOVO KA 1.0 12V 3CC FLEX 14/ (MOTOR SIG)","Não informado","Peça componente do grupo ""Kit Revisão 10000km"" criada a partir da Compra #68bdb62ca800da4a309719c3","","280","68bdb62e1ad37a469db66230","0","RAVENA DISTRIBUIDORA DE AUTO PECAS LTDA","171.94","1","2025-09-07T16:43:26.759000","2025-09-08T22:19:58.333000","68bb8ae30bb9b6022db0caf3","quotabankoficial@gmail.com","false"
"PROD-1757263404437-2","","outros","68bdb62c6d0f9be12372d61f","BRONZINA MANCAL SINTECH SM781-STD STD - FORD KA/FORD KA+/ FORD NOVO KA 1.0 12V 3CC","Não informado","Peça criada automaticamente a partir da Compra #68bdb62ca800da4a309719c3","","240","68bdb62d75396346c1696fa3","1","RAVENA DISTRIBUIDORA DE AUTO PECAS LTDA","149.39","1","2025-09-07T16:43:25.677000","2025-09-07T16:43:25.677000","68bb8ae30bb9b6022db0caf3","quotabankoficial@gmail.com","false"
"PROD-1757263403796-1","","outros","68bdb62c4be276adab92f1b7","BRONZINA BIELA SINTECH SB781-STD STD - FORD KA 1.0 12V 14/","Não informado","Peça criada automaticamente a partir da Compra #68bdb62ca800da4a309719c3","","100","68bdb62c76fedf4e5237fdae","1","RAVENA DISTRIBUIDORA DE AUTO PECAS LTDA","50.03","1","2025-09-07T16:43:24.653000","2025-09-07T16:43:24.653000","68bb8ae30bb9b6022db0caf3","quotabankoficial@gmail.com","false"
"PROD-1757263334622-1","","outros","68bdb5e7089b9f1d6d124e60","MANGUEIRA REFRIGERACAO MF M5006 FORD NOVO KA 1.0 12V FLEX 14/ (RADIADOR INFERIOR)","Não informado","Peça criada automaticamente a partir da Compra #68bdb5e6089b9f1d6d124e5a","","109.31","68bdb5e7585192503ad2adca","1","RAVENA DISTRIBUIDORA DE AUTO PECAS LTDA","72.87","1","2025-09-07T16:42:15.795000","2025-09-07T16:42:15.795000","68bb8ae30bb9b6022db0caf3","quotabankoficial@gmail.com","false"
"KIT-FREIOS-001-02","","outros","68bc7b6e7d9f76329cfe62b8","Disco de Freio","","","","1800","68bdb097716d2fb967200041","4","","1200","1","2025-09-07T16:19:35.883000","2025-09-07T16:20:11.555000","68bb8ae30bb9b6022db0caf3","quotabankoficial@gmail.com","false"
"KIT-FREIOS-001-01","","outros","68bc7b6e7d9f76329cfe62b8","Pastilha de Freio","","","","899","68bdb096ee30ea1567e3f17b","8","","450","1","2025-09-07T16:19:34.875000","2025-09-07T16:20:10.899000","68bb8ae30bb9b6022db0caf3","quotabankoficial@gmail.com","false"
"KIT-FREIOS-001-03","","outros","68bc7b6e7d9f76329cfe62b8","HOMOCINETI EXTERNA YIMING PAR BJH17019 FORD NOVO KA 1.0 12V 14/ NOVO KA 1.5 16V 14/ (TRAN","Não informado","Peça componente do grupo ""Kit Freios Completo"" criada a partir da Compra #68bdaa2c08ac973787a0fad6","","250","68bdaa2fa468c10a5dae1f2b","2","RAVENA DISTRIBUIDORA DE AUTO PECAS LTDA","144.78","1","2025-09-07T15:52:15.148000","2025-09-07T15:52:15.148000","68bb8ae30bb9b6022db0caf3","quotabankoficial@gmail.com","false"
"PROD-1757260332843-1","","outros","68bdaa2d087e8e92ce7a0009","HOMOCINETI INTERNA CAIXA CAMBIO AXIOS 87089990 LT30170 FORD NOVO KA 1.0/1.5 14/LD/LE (TRANSMISSÃO MANUAL","Não informado","Peça criada automaticamente a partir da Compra #68bdaa2c08ac973787a0fad6","","390","68bdaa2ee4611acf3003886a","2","RAVENA DISTRIBUIDORA DE AUTO PECAS LTDA","194.98","1","2025-09-07T15:52:14.313000","2025-09-07T16:19:19.975000","68bb8ae30bb9b6022db0caf3","quotabankoficial@gmail.com","false"
"COMPRA-1757257782295","","","","HOMOCINETI EXTERNA YIMING PAR BJH17019 FORD NOVO KA 1.0 12V 14/ NOVO KA 1.5 16V 14/ (TRAN","","","","236","68bda036ead10533afdeadf9","2","","144.78","1","2025-09-07T15:09:42.495000","2025-09-07T15:09:42.495000","68b21e394c1c0a8057cf2136","beenkoficial@gmail.com","false"
"COMPRA-1757257781726","","","","HOMOCINETI INTERNA CAIXA CAMBIO AXIOS LT30170 FORD NOVO KA 1.0/1.5 14/LD/LE (TRANSMISSÃO MANUAL","","","","289","68bda0368f4ad8281c1f1fd0","2","","194.98","1","2025-09-07T15:09:42.173000","2025-09-07T15:09:42.173000","68b21e394c1c0a8057cf2136","beenkoficial@gmail.com","false"
"453GFHF45-04","","outros","68b3566cd76ffa266de4239a","Válvulas de Admissão Ford Ka 3c","","","","50","68b3566f9b76af5baa4d608f","0","","30","1","2025-08-30T19:52:15.212000","2025-09-05T18:17:05.731000","68b2294b079944be66704f7f","lucassander.neteller@gmail.com","false"
"453GFHF45-02","","outros","68b3566cd76ffa266de4239a","Parafusos do Cabeçote Ford Ka 3c","","","","15","68b3566ef19258a124db7a7e","0","","9","1","2025-08-30T19:52:14.419000","2025-09-05T18:17:05.413000","68b2294b079944be66704f7f","lucassander.neteller@gmail.com","false"
"453GFHF45-01","","outros","68b3566cd76ffa266de4239a","Junta do Cabeçote Ford Ka 3c","","","","120","68b3566db0ecaf495bd94fb2","0","","70","1","2025-08-30T19:52:13.646000","2025-09-05T18:17:05.086000","68b2294b079944be66704f7f","lucassander.neteller@gmail.com","false"
"9324SDFR9","","outros","68b341e3535fdd3e93026bc7","OLEO","","","","250","68b341e41a3e38a128acd28e","3","","200","1","2025-08-30T18:24:36.868000","2025-08-30T18:30:23.540000","68b21e394c1c0a8057cf2136","beenkoficial@gmail.com","false"
"3432DGF45-02","","outros","68b31681616c4b5cb08736da","BIELA LAND ROVER","","","","500","68b316837e526f9ed85b5e6d","0","","300","1","2025-08-30T15:19:31.580000","2025-09-06T15:12:11.767000","68b21e394c1c0a8057cf2136","beenkoficial@gmail.com","false"
"3432DGF45-01","","outros","68b31681616c4b5cb08736da","PISTAO LAND ROVER","","","","800","68b31682f17983d0502e4b5f","0","","500","1","2025-08-30T15:19:30.765000","2025-09-06T15:12:11.442000","68b21e394c1c0a8057cf2136","beenkoficial@gmail.com","false"
"3456HDFG43","","outros","68b315d4504abcf0cf26b607","Pistão Completo","","","","260","68b315d59b76af5baa4aa1d9","10","","150","1","2025-08-30T15:16:37.494000","2025-08-30T15:16:37.494000","68b21e394c1c0a8057cf2136","beenkoficial@gmail.com","false"
"2345SGSDG8","","outros","68b314ce78ffa186372de05c","Biela Completa","","","","180","68b314cf0c935aeeb5b064f7","0","","100","1","2025-08-30T15:12:15.399000","2025-08-30T15:12:15.399000","68b21e394c1c0a8057cf2136","beenkoficial@gmail.com","false"
"2343DFGH43","SAPIRANGA","suspensao","","SUSPENSÃO UNIDADE","FIAT","","","140","68b221038351adb10f55f6ac","2","RECONSINOS","90","1","2025-08-29T21:52:03.607000","2025-08-29T21:52:03.607000","68b21e394c1c0a8057cf2136","beenkoficial@gmail.com","false"
"P002","","freios","","Pastilha de Freio Dianteira","Bosch","","","85","68b21eeb4e604ce9849c0947","12","Distribuidora Norte","45","3","2025-08-29T21:43:07.571000","2025-08-29T21:43:07.571000","68b21e394c1c0a8057cf2136","beenkoficial@gmail.com","false"
"P003","","oleos","","Óleo Motor 5W30","Castrol","","","45","68b21eeb4e604ce9849c0948","42","Auto Peças Brasil","25","10","2025-08-29T21:43:07.571000","2025-09-07T03:39:20.655000","68b21e394c1c0a8057cf2136","beenkoficial@gmail.com","false"
"P001","","filtros","","Filtro de Óleo","Mann","","","35","68b21eeb4e604ce9849c0946","25","Auto Peças Brasil","15","5","2025-08-29T21:43:07.571000","2025-08-29T21:43:07.571000","68b21e394c1c0a8057cf2136","beenkoficial@gmail.com","false"
"P004","","motor","","Correia Dentada","Gates","","","150","68b21eeb4e604ce9849c0949","2","Peças Premium","80","3","2025-08-29T21:43:07.571000","2025-08-29T21:43:07.571000","68b21e394c1c0a8057cf2136","beenkoficial@gmail.com","false"